System,Avg Ambiguity (ψ),Effective Choices,Decision Time (sec),Cognitive Load,Improvement %,Avg Ambiguity (ψ) Improvement,Effective Choices Improvement,Decision Time (sec) Improvement,Cognitive Load Improvement
Baseline (No WSD),0.45009189138095834,10.528626006645776,1.0276468339675933,83.00183782761917,0.0,,,,
Integrated AIoT (With WSD),0.7965137794548502,10.013801364371778,1.0025929920520662,65.93027558909701,0.0,-76.96692491193538,4.889760942681754,2.4379817158388772,20.56769185518147
